,businessage_o10.csv,2014-06-29T14:36:40-07:00
,p/rank,n
1. What is your title?
Single
"Principal (e.g., owner, founder, partner, CEO, president, etc.)",1.0,255
Vice President or Director,0.0,0
Manager,0.0,0
Individual contributor,0.0,0

2. How many full-time employees does your company have?
Single
19-Jan,0.4782608695652174,121
20-99,0.33992094861660077,86
100-500,0.18181818181818182,46
More than 500,0.0,0

3. What is your gender?
Single
Male,0.5856573705179283,147
Female,0.41434262948207173,104

4. What is your age?
Single
Under 18,0.0,0
18-34,0.0784313725490196,20
35-49,0.30980392156862746,79
50-64,0.4666666666666667,119
Over 64,0.1450980392156863,37

5. In which state is your company headquartered?
Single
Alabama,0.0,0
Alaska,0.0,0
Arizona,0.02734375,7
Arkansas,0.0,0
California,0.15625,40
Colorado,0.01171875,3
Connecticut,0.01953125,5
Delaware,0.00390625,1
Florida,0.09375,24
Georgia,0.01171875,3
Hawaii,0.00390625,1
Idaho,0.0,0
Illinois,0.06640625,17
Indiana,0.0078125,2
Iowa,0.0,0
Kansas,0.00390625,1
Kentucky,0.00390625,1
Louisiana,0.0078125,2
Maine,0.0,0
Maryland,0.01171875,3
Massachusetts,0.0234375,6
Michigan,0.0234375,6
Minnesota,0.0,0
Mississippi,0.0,0
Missouri,0.0234375,6
Montana,0.0,0
Nebraska,0.0,0
Nevada,0.00390625,1
New Hampshire,0.0,0
New Jersey,0.05078125,13
New Mexico,0.0078125,2
New York,0.1171875,30
North Carolina,0.0390625,10
North Dakota,0.00390625,1
Ohio,0.03125,8
Oklahoma,0.0078125,2
Oregon,0.03515625,9
Pennsylvania,0.046875,12
Rhode Island,0.00390625,1
South Carolina,0.01171875,3
South Dakota,0.0,0
Tennessee,0.0078125,2
Texas,0.0703125,18
Utah,0.01171875,3
Vermont,0.0,0
Virginia,0.01953125,5
Washington,0.01953125,5
West Virginia,0.00390625,1
Wisconsin,0.0078125,2
Wyoming,0.0,0
District of Columbia,0.0,0

6. Which best describes your industry?
Single
Accommodation & food service,0.024193548387096774,6
"Administrative, support, waste management & remediation service",0.004032258064516129,1
"Arts, entertainment & recreation",0.07661290322580645,19
Construction,0.10080645161290322,25
Educational services,0.036290322580645164,9
Finance & insurance,0.06854838709677419,17
Health care & social assistance,0.05241935483870968,13
Information technology,0.056451612903225805,14
"Local, state or federal government (any kind)",0.0,0
Management of companies & enterprises,0.008064516129032258,2
Manufacturing,0.04838709677419355,12
Mining,0.0,0
Other services (except public administration),0.10887096774193548,27
Professional services,0.1774193548387097,44
Scientific & technical services,0.016129032258064516,4
"Real estate, rental & leasing",0.06854838709677419,17
Retail trade,0.10483870967741936,26
Transportation & warehousing,0.008064516129032258,2
Utilities,0.016129032258064516,4
Wholesale trade,0.024193548387096774,6
Not currently working,0.0,0

7. How long has your company been in business?
Single
Less than one year,0.0,0
One to five years,0.0,0
Six to 10 years,0.0,0
More than 10 years,1.0,256

"8. What is your revenue outlook for 2014, compared to 2013?"
Single
Up by 10% or more,0.3254901960784314,83
"Up, by less than 10%",0.25882352941176473,66
Same as 2013,0.27450980392156865,70
"Down, by less than 10%",0.06274509803921569,16
Down by more than 10%,0.0784313725490196,20

"9. Roughly what percent of your work time do you spend conducting business via a smartphone (e.g., an iPhone or Samsung Galaxy) and/or tablet (e.g., an iPad)?"
Single
None,0.3058823529411765,78
Up to 25%,0.4,102
25% to 49%,0.11764705882352941,30
50% to 74%,0.12156862745098039,31
75% to 99%,0.043137254901960784,11
100% - I only do business on my smartphone and/or tablet,0.011764705882352941,3

10. Which of the following transactions does your business handle on smartphones and/or tablets? (select all that apply)
Single
Returns / exchanges,0.08390022675736962,37
Capture customer contact information,0.22675736961451248,100
Email receipts,0.2199546485260771,97
Check inventory availability,0.1655328798185941,73
None of the above,0.2471655328798186,109
I don’t know,0.0022675736961451248,1
Other (please describe),0.05442176870748299,24

"11. On a scale of 1 (not at all important) to 5 (very important), please rate each of these items:"
TopTwo
Smartphones and tablets for my business,0.4820717131474104,121
Virus and malware protection for my business,0.7420634920634921,187
Virus and malware protection for my smartphones and/or tablets,0.594488188976378,151
Keeping data safe on smartphones and tablets,0.624,156
Preventing smartphones and tablets from being lost or stolen,0.656,164
Restricting employees' personal use of business smartphones and tablets,0.3784860557768924,95
Making my team more productive and saving costs by using more smartphones and tablets,0.45849802371541504,116
The information security policies of a vendor (such as a CPA or payroll service provider) as a factor in choosing / working with that vendor,0.5378486055776892,135

12. Do you provide smartphones or tablets to employees or contractors?
Single
"Yes, for use during working hours only",0.25,64
"Yes, for employees / contractors to take home (personal use permitted)",0.2109375,54
No,0.5390625,138

13. What kinds of smartphones / tablets do you provide to employees or contractors? (select all that apply)
Single
iOS,0.32941176470588235,56
Android,0.4294117647058823,73
Windows,0.21764705882352942,37
"Other (e.g., BlackBerry)",0.023529411764705882,4

"15. On average, how many total devices (i.e., desktop computer / workstation, laptop / portable PC, smartphone, tablet) does each of your employees typically use on a daily basis for work purposes?"
Single
None,0.10980392156862745,28
One,0.30196078431372547,77
Two,0.35294117647058826,90
Three,0.12549019607843137,32
Four,0.03529411764705882,9
Five or more,0.07450980392156863,19

16.1 Please answer each of the following questions yes or no:::Do you feel that small businesses are more prone / vulnerable to attack from cybercriminals than mid-sized or large businesses are?
Subquestion
Yes,0.36254980079681276,91
No,0.6374501992031872,160

16.2 Please answer each of the following questions ...::Does your company have a security policy regarding using smartphones / tablets for business purposes?
Subquestion
Yes,0.5436507936507936,137
No,0.45634920634920634,115

16.3 Please answer each of the following questions ...::Does your company have a plan to deal with a lost or stolen company-issued smartphone / tablet?
Subquestion
Yes,0.5317460317460317,134
No,0.46825396825396826,118

"16.4 Please answer each of the following questions ...::Have your employees ever lost a company-issued smartphone / tablet, or had one stolen?"
Subquestion
Yes,0.23015873015873015,58
No,0.7698412698412699,194

16.5 Please answer each of the following questions ...::Do you plan to use more tablets or “phablets” in the next year in your business?
Subquestion
Yes,0.3888888888888889,98
No,0.6111111111111112,154

16.6 Please answer each of the following questions ...::Do you or your employees keep customer information on smartphones / tablets?
Subquestion
Yes,0.49193548387096775,122
No,0.5080645161290323,126

16.7 Please answer each of the following questions ...::Do you believe that the use of smartphones / tablets in your company creates a security risk?
Subquestion
Yes,0.43478260869565216,110
No,0.5652173913043478,143

16.8 Please answer each of the following questions ...::Is the information that you or your employees store on smartphones / tablets important to conducting your business?
Subquestion
Yes,0.5928853754940712,150
No,0.40711462450592883,103

16.9 Please answer each of the following questions ...::Do you use a security product on your smartphones / tablets today to protect against malware and / or theft or loss?
Subquestion
Yes,0.536,134
No,0.464,116

16.10 Please answer each of the following questions...::Do you see any value in having a security product on your smartphones / tablets?
Subquestion
Yes,0.6626984126984127,167
No,0.3373015873015873,85

16.11 Please answer each of the following questions...::Do you feel you have a good understanding of how your employees use their smartphones / tablets for work?
Subquestion
Yes,0.7469879518072289,186
No,0.25301204819277107,63

17. Did your lost or stolen company-issued smartphone/tablet result in a breach or data theft?
Single
Yes,0.1509433962264151,8
No,0.8490566037735849,45

"18. In general, where would you say you first learn about new products and services for your business? (rank from most to least important)"
Rank
"Direct from vendors – e.g., email, websites, trade shows, sales call from representative, etc.",1,1640
Business news media / review sites / blogs,2,1417
Other business owners / peers / colleagues,3,1304
"My internal team – e.g., my IT manager, financial manager, HR manager, etc.",4,1188
In a store,5,1093
"My external team – e.g., my accountant, attorney or local technology consultant / reseller",6,1044
Online forum / discussion board,7,870
Analysts like Forrester or Gartner,8,794
Social media site,9,675

"19. On a scale of 1 (very unlikely) to 5 (very likely), please rate how likely you are to first learn about a product or service for your business via each of these specific sources / formats."
TopTwo
Analyst report,0.2570281124497992,64
Audio podcast,0.17408906882591094,43
Banner ad on a website,0.22983870967741934,57
Blog,0.24380165289256198,59
Call from or meeting with sales representative,0.40725806451612906,101
Case study,0.24193548387096775,60
eBook / guide / handbook,0.1975806451612903,49
Email newsletter,0.4779116465863454,119
Event or trade show,0.4900398406374502,123
Facebook,0.2217741935483871,55
Forum or discussion board,0.29959514170040485,74
Google ,0.23265306122448978,57
Infographic,0.13414634146341464,33
LinkedIn,0.2248995983935743,56
Newspaper / magazine (print or online),0.4262948207171315,107
One-off email,0.242914979757085,60
Outdoor billboard or signage,0.15510204081632653,38
Peer / colleague,0.6265060240963856,156
"Postcard, letter or catalog in the mail",0.26506024096385544,66
Press release,0.256,64
Print newsletter,0.2926829268292683,72
Product section of a vendor’s website,0.42276422764227645,104
Radio,0.17959183673469387,44
Research report,0.2809917355371901,68
Resource section of a vendor’s website,0.35655737704918034,87
TV,0.2931726907630522,73
Twitter,0.14112903225806453,35
Video on vendor website,0.2591093117408907,64
Webinar/webcast,0.25101214574898784,62
White paper,0.22764227642276422,56
YouTube,0.19591836734693877,48

"22. Who do you rely on most for information, advice or recommendations when you are investigating new products or services for your business? (rank from most to least important)"
Rank
My internal team,1,804
Peers / colleagues,2,778
"My external team (e.g., accountant, attorney, consultant, tech vendor, etc.)",3,682
"Third-party experts, e.g., analysts, bloggers or reviewers",4,627
Vendors,5,585

"23. Once your company has decided to investigate a new product or service for your business, who typically leads the research? (select the closest answer)"
Single
Me,0.6968503937007874,177
"The relevant manager / group (e.g. IT, sales, HR, etc.)",0.24015748031496062,61
My office manager,0.03543307086614173,9
An external consultant,0.011811023622047244,3
Other (please describe),0.015748031496062992,4

"24. On a scale of 1 (do not want at all) to 5 (want very much), please rate when you want to hear from a salesperson:"
TopTwo
After we first learn about a product or service,0.40160642570281124,100
Once we are considering purchasing a product or service,0.648,162
Once we are ready to purchase a product or service,0.7540322580645161,187
"On an ongoing basis, for example via occasional calls or emails",0.3967611336032389,98

"25. When you do meet with a salesperson, please rate how much you like each of these kinds of materials they might review with you. Please use a scale of 1 (do not like at all) to 5 (like very much)."
TopTwo
Printed pieces,NaN,0
Sheets or brochures describing the product,0.6294820717131474,158
Checklist or worksheet to determine the right product configuration for your needs,0.548,137
Customer stories or case studies,0.3895582329317269,97
"Handbook or guide on a business management topic, like how to get new customers",0.3967611336032389,98
Tablet computer (such as an iPad),NaN,0
Interactive tool to determine the right product configuration for your needs,0.46184738955823296,115
"Instant quote / order confirmation with specifications, costs, delivery timing, etc.",0.5140562248995983,128
Presentation (like a PowerPoint) on product features and benefits,0.3975409836065574,97
Presentation featuring customer stories or case studies,0.3562753036437247,88
Video describing the product features and benefits,0.508130081300813,125
Video presenting customer stories or case studies,0.34146341463414637,84
"Video on a business management topic, like how to get new customers",0.3347107438016529,81

"26. On a scale of 1 (very unlikely) to 5 (very likely), please rate how likely you are to use each of these sources / formats when you are researching a product or service for your business."
TopTwo
Analyst report,0.364,91
Audio podcast,0.1752988047808765,44
Banner ad on a website,0.1646586345381526,41
Blog,0.1984126984126984,50
Call from or meeting with sales representative,0.432,108
Case study,0.324,81
eBook / guide / handbook,0.2619047619047619,66
Email newsletter,0.3545816733067729,89
Event or trade show,0.4819277108433735,120
Facebook,0.18326693227091634,46
Forum or chat site,0.24701195219123506,62
Google ,0.17928286852589642,45
Infographic,0.16,40
"Interactive tool, such as a calculator or configurator",0.24302788844621515,61
LinkedIn,0.1952191235059761,49
Newspaper / magazine (print or online),0.3745019920318725,94
One-off email,0.248,62
Outdoor billboard or signage,0.156,39
Peer / colleague,0.6071428571428571,153
"Postcard, letter or catalog in the mail",0.2766798418972332,70
Press release,0.2766798418972332,70
Print newsletter,0.3453815261044177,86
Product section of a vendor’s website,0.444,111
Radio,0.15873015873015872,40
Research report,0.3441295546558704,85
Resource section of a vendor’s website,0.38492063492063494,97
TV,0.2540322580645161,63
Twitter,0.148,37
Video on vendor website,0.28174603174603174,71
Webinar/webcast,0.26587301587301587,67
White paper,0.26506024096385544,66
YouTube,0.2,50

"28. On the same scale, please rate how likely you are to use each of these sources / formats when you are making a final purchase decision for a specific product or service."
TopTwo
Analyst report,0.3201581027667984,81
Audio podcast,0.156,39
Banner ad on a website,0.1606425702811245,40
Blog,0.18072289156626506,45
Call from or meeting with a sales representative,0.47619047619047616,120
Case study,0.308,77
eBook / guide / handbook,0.26693227091633465,67
Email newsletter,0.2857142857142857,72
Event or trade show,0.4166666666666667,105
Facebook,0.1746031746031746,44
Forum or chat site,0.20238095238095238,51
Google ,0.19047619047619047,48
Infographic,0.16733067729083664,42
"Interactive tool, such as a calculator or configurator",0.2261904761904762,57
LinkedIn,0.20647773279352227,51
Newspaper / magazine (print or online),0.31746031746031744,80
One-off email,0.22709163346613545,57
Outdoor billboard or signage,0.144,36
Peer / colleague,0.6175298804780877,155
"Postcard, letter or catalog in the mail",0.264,66
Press release,0.22983870967741934,57
Print newsletter,0.3413654618473896,85
Product section of a vendor’s website,0.4979919678714859,124
Radio,0.18072289156626506,45
Research report,0.34,85
Resource section of a vendor’s website,0.412,103
TV,0.24110671936758893,61
Twitter,0.1553784860557769,39
Video on vendor website,0.32142857142857145,81
Webinar/webcast,0.250996015936255,63
White paper,0.248,62
YouTube,0.19583333333333333,47

"30. On a scale of 1 (not at all important) to 5 (very important), how important to you are each of these aspects of marketing content, like the formats above, from a vendor?"
TopTwo
It addresses the concerns of companies in my industry,0.6442687747035574,163
It addresses the concerns of companies the same size as my company,0.5849802371541502,148
It clearly describes the benefits of the product or service,0.7729083665338645,194
It doesn’t do a hard sell,0.6732283464566929,171
It is addressed to me,0.5177865612648221,131
It is easy to understand,0.7619047619047619,192
It is in a new or unique format,0.42292490118577075,107
It is recommended by a peer / colleague,0.6377952755905512,162
It is short,0.4880952380952381,123
It is visually interesting or compelling,0.594488188976378,151
It is well-written,0.7290836653386454,183
"It provides a compelling or time-sensitive offer, like a discount or free trial",0.5354330708661418,136
It provides information on a product or service I’m interested in,0.7677165354330708,195
It provides practical advice or tips I can put to use in my business,0.6254980079681275,157

"32. On a scale of 1 (not at all interested) to 5 (very interested), how interested are you in each of these ways to stay in touch with vendors if you have researched a product or service, but are not yet ready to buy?"
TopTwo
Email newsletter,0.4801587301587302,121
Facebook,0.18972332015810275,48
Google ,0.1566265060240964,39
In-person meetings with a sales representative,0.45849802371541504,116
"Letter, postcard or other mailing",0.33067729083665337,83
LinkedIn,0.1626984126984127,41
Occasional call from a sales representative,0.3952569169960474,100
Occasional email from a sales representative,0.4624505928853755,117
Print newsletter,0.4063745019920319,102
Text messages,0.21428571428571427,54
Twitter,0.132,33

33. How often do you like a vendor to contact you when you are not yet ready to buy? (select one)
Single
Once a week,0.128,32
Once a month,0.236,59
Once every three months,0.22,55
Once every six months,0.08,20
Once a year,0.012,3
I prefer to reach out to them as needed,0.324,81

"34. On a scale of 1 (not at all interested) to 5 (very interested), how interested are you in each of these ways to stay in touch with a vendor after you have purchased their product or service?"
TopTwo
Email newsletter,0.4523809523809524,114
Facebook,0.176,44
Google ,0.164,41
In-person meetings with a sales representative,0.42063492063492064,106
"Letter, postcard or other mailing",0.308300395256917,78
LinkedIn,0.1774193548387097,44
Occasional call from a sales representative,0.4262948207171315,107
Occasional email from a sales representative,0.49407114624505927,125
Print newsletter,0.36254980079681276,91
Text messages,0.216,54
Twitter,0.14516129032258066,36

35. How often do you like a vendor to contact you after you have purchased their product or service? (select one)
Single
Once a week,0.12350597609561753,31
Once a month,0.22310756972111553,56
Once every three months,0.22310756972111553,56
Once every six months,0.14741035856573706,37
Once a year,0.0199203187250996,5
I prefer to reach out to them as needed,0.26294820717131473,66

"36.1 For each of the sources / formats below, please select the stage in the purchase cycle – awareness (i.e. where you first learn about a product or service), research (i.e. investigation / evaluation) or purchase – where you are most likely to use that source / format.::Analyst report"
Subquestion
Awareness,0.40772532188841204,95
Research,0.5278969957081545,123
Purchase,0.06437768240343347,15

"36.2 For each of the sources / formats below, pleas...::Audio podcast"
Subquestion
Awareness,0.6311111111111111,142
Research,0.3288888888888889,74
Purchase,0.04,9

"36.3 For each of the sources / formats below, pleas...::Banner ad on a website"
Subquestion
Awareness,0.7631578947368421,174
Research,0.17982456140350878,41
Purchase,0.05701754385964912,13

"36.4 For each of the sources / formats below, pleas...::Blog"
Subquestion
Awareness,0.6061946902654868,137
Research,0.3407079646017699,77
Purchase,0.05309734513274336,12

"36.5 For each of the sources / formats below, pleas...::Call from or meeting with sales representative"
Subquestion
Awareness,0.28451882845188287,68
Research,0.3891213389121339,93
Purchase,0.3263598326359833,78

"36.6 For each of the sources / formats below, pleas...::Case study"
Subquestion
Awareness,0.31896551724137934,74
Research,0.6336206896551724,147
Purchase,0.04741379310344827,11

"36.7 For each of the sources / formats below, pleas...::eBook / guide / handbook"
Subquestion
Awareness,0.4104803493449782,94
Research,0.49344978165938863,113
Purchase,0.09606986899563319,22

"36.8 For each of the sources / formats below, pleas...::Email newsletter"
Subquestion
Awareness,0.46120689655172414,107
Research,0.4698275862068966,109
Purchase,0.06896551724137931,16

"36.9 For each of the sources / formats below, pleas...::Event or trade show"
Subquestion
Awareness,0.4391304347826087,101
Research,0.3869565217391304,89
Purchase,0.17391304347826086,40

"36.10 For each of the sources / formats below, plea...::Facebook"
Subquestion
Awareness,0.7647058823529411,169
Research,0.17194570135746606,38
Purchase,0.06334841628959276,14

"36.11 For each of the sources / formats below, plea...::Forum or discussion board"
Subquestion
Awareness,0.49122807017543857,112
Research,0.4342105263157895,99
Purchase,0.07456140350877193,17

"36.12 For each of the sources / formats below, plea...::Google "
Subquestion
Awareness,0.6637168141592921,150
Research,0.27876106194690264,63
Purchase,0.05752212389380531,13

"36.13 For each of the sources / formats below, plea...::Infographic"
Subquestion
Awareness,0.6769911504424779,153
Research,0.252212389380531,57
Purchase,0.07079646017699115,16

"36.14 For each of the sources / formats below, plea...::LinkedIn"
Subquestion
Awareness,0.6916299559471366,157
Research,0.24669603524229075,56
Purchase,0.06167400881057269,14

"36.15 For each of the sources / formats below, plea...::Newspaper / magazine (print or online)"
Subquestion
Awareness,0.5517241379310345,128
Research,0.36637931034482757,85
Purchase,0.08189655172413793,19

"36.16 For each of the sources / formats below, plea...::One-off email"
Subquestion
Awareness,0.6299559471365639,143
Research,0.31277533039647576,71
Purchase,0.05726872246696035,13

"36.17 For each of the sources / formats below, plea...::Outdoor billboard or signage"
Subquestion
Awareness,0.775330396475771,176
Research,0.17180616740088106,39
Purchase,0.05286343612334802,12

"36.18 For each of the sources / formats below, plea...::Peer / colleague"
Subquestion
Awareness,0.30131004366812225,69
Research,0.4759825327510917,109
Purchase,0.22270742358078602,51

"36.19 For each of the sources / formats below, plea...::Postcard, letter or catalog in the mail"
Subquestion
Awareness,0.5260869565217391,121
Research,0.3826086956521739,88
Purchase,0.09130434782608696,21

"36.20 For each of the sources / formats below, plea...::Press release"
Subquestion
Awareness,0.5964912280701754,136
Research,0.33771929824561403,77
Purchase,0.06578947368421052,15

"36.21 For each of the sources / formats below, plea...::Print newsletter"
Subquestion
Awareness,0.5043859649122807,115
Research,0.42543859649122806,97
Purchase,0.07017543859649122,16

"36.22 For each of the sources / formats below, plea...::Product section of a vendor’s website"
Subquestion
Awareness,0.27848101265822783,66
Research,0.4641350210970464,110
Purchase,0.25738396624472576,61

"36.23 For each of the sources / formats below, plea...::Radio"
Subquestion
Awareness,0.7511111111111111,169
Research,0.19111111111111112,43
Purchase,0.057777777777777775,13

"36.24 For each of the sources / formats below, plea...::Research report"
Subquestion
Awareness,0.2826086956521739,65
Research,0.6173913043478261,142
Purchase,0.1,23

"36.25 For each of the sources / formats below, plea...::Resource section of a vendor’s website"
Subquestion
Awareness,0.2987012987012987,69
Research,0.5584415584415584,129
Purchase,0.14285714285714285,33

"36.26 For each of the sources / formats below, plea...::TV"
Subquestion
Awareness,0.7236842105263158,165
Research,0.18859649122807018,43
Purchase,0.08771929824561403,20

"36.27 For each of the sources / formats below, plea...::Twitter"
Subquestion
Awareness,0.7857142857142857,176
Research,0.15178571428571427,34
Purchase,0.0625,14

"36.28 For each of the sources / formats below, plea...::Video on vendor website"
Subquestion
Awareness,0.43612334801762115,99
Research,0.4669603524229075,106
Purchase,0.09691629955947137,22

"36.29 For each of the sources / formats below, plea...::Webinar/webcast"
Subquestion
Awareness,0.4977973568281938,113
Research,0.4052863436123348,92
Purchase,0.09691629955947137,22

"36.30 For each of the sources / formats below, plea...::White paper"
Subquestion
Awareness,0.4780701754385965,109
Research,0.45614035087719296,104
Purchase,0.06578947368421052,15

"36.31 For each of the sources / formats below, plea...::YouTube"
Subquestion
Awareness,0.6502242152466368,145
Research,0.273542600896861,61
Purchase,0.07623318385650224,17

"37.1 For each sources / format below, please indicate which you are most likely to view on a desktop / laptop; a smartphone such as an iPhone or Samsung Galaxy; or a tablet such as an iPad or Surface.::Analyst report"
Subquestion
Desktop / laptop,0.851063829787234,200
Smart-phone,0.03404255319148936,8
Tablet,0.1148936170212766,27

"37.2 For each sources / format below, please indica...::Audio podcast"
Subquestion
Desktop / laptop,0.6666666666666666,150
Smart-phone,0.18222222222222223,41
Tablet,0.1511111111111111,34

"37.3 For each sources / format below, please indica...::Banner ad on a website"
Subquestion
Desktop / laptop,0.7300884955752213,165
Smart-phone,0.11504424778761062,26
Tablet,0.15486725663716813,35

"37.4 For each sources / format below, please indica...::Blog"
Subquestion
Desktop / laptop,0.7321428571428571,164
Smart-phone,0.125,28
Tablet,0.14285714285714285,32

"37.5 For each sources / format below, please indica...::Case study"
Subquestion
Desktop / laptop,0.7869565217391304,181
Smart-phone,0.06956521739130435,16
Tablet,0.14347826086956522,33

"37.6 For each sources / format below, please indica...::eBook / guide / handbook"
Subquestion
Desktop / laptop,0.7280701754385965,166
Smart-phone,0.10526315789473684,24
Tablet,0.16666666666666666,38

"37.7 For each sources / format below, please indica...::Email newsletter"
Subquestion
Desktop / laptop,0.7649572649572649,179
Smart-phone,0.10256410256410256,24
Tablet,0.13247863247863248,31

"37.8 For each sources / format below, please indica...::Facebook"
Subquestion
Desktop / laptop,0.7276785714285714,163
Smart-phone,0.14285714285714285,32
Tablet,0.12946428571428573,29

"37.9 For each sources / format below, please indica...::Forum or discussion board"
Subquestion
Desktop / laptop,0.7831858407079646,177
Smart-phone,0.08849557522123894,20
Tablet,0.12831858407079647,29

"37.10 For each sources / format below, please indic...::Google "
Subquestion
Desktop / laptop,0.7232142857142857,162
Smart-phone,0.17857142857142858,40
Tablet,0.09821428571428571,22

"37.11 For each sources / format below, please indic...::Infographic"
Subquestion
Desktop / laptop,0.7777777777777778,175
Smart-phone,0.10222222222222223,23
Tablet,0.12,27

"37.12 For each sources / format below, please indic...::LinkedIn"
Subquestion
Desktop / laptop,0.7318181818181818,161
Smart-phone,0.15,33
Tablet,0.11818181818181818,26

"37.13 For each sources / format below, please indic...::Newspaper / magazine site"
Subquestion
Desktop / laptop,0.7869565217391304,181
Smart-phone,0.10434782608695652,24
Tablet,0.10869565217391304,25

"37.14 For each sources / format below, please indic...::One-off email"
Subquestion
Desktop / laptop,0.7053571428571429,158
Smart-phone,0.19642857142857142,44
Tablet,0.09821428571428571,22

"37.15 For each sources / format below, please indic...::Press release"
Subquestion
Desktop / laptop,0.7610619469026548,172
Smart-phone,0.10176991150442478,23
Tablet,0.13716814159292035,31

"37.16 For each sources / format below, please indic...::Product section of a vendor’s website"
Subquestion
Desktop / laptop,0.8085106382978723,190
Smart-phone,0.10212765957446808,24
Tablet,0.08936170212765958,21

"37.17 For each sources / format below, please indic...::Research report"
Subquestion
Desktop / laptop,0.8122270742358079,186
Smart-phone,0.07423580786026202,17
Tablet,0.11353711790393013,26

"37.18 For each sources / format below, please indic...::Resource section of a vendor’s website"
Subquestion
Desktop / laptop,0.7850877192982456,179
Smart-phone,0.09649122807017543,22
Tablet,0.11842105263157894,27

"37.19 For each sources / format below, please indic...::Twitter"
Subquestion
Desktop / laptop,0.6376146788990825,139
Smart-phone,0.23394495412844038,51
Tablet,0.12844036697247707,28

"37.20 For each sources / format below, please indic...::Video on vendor website"
Subquestion
Desktop / laptop,0.7668161434977578,171
Smart-phone,0.11210762331838565,25
Tablet,0.1210762331838565,27

"37.21 For each sources / format below, please indic...::Webinar/webcast"
Subquestion
Desktop / laptop,0.78125,175
Smart-phone,0.10714285714285714,24
Tablet,0.11160714285714286,25

"37.22 For each sources / format below, please indic...::White paper"
Subquestion
Desktop / laptop,0.7955555555555556,179
Smart-phone,0.10666666666666667,24
Tablet,0.09777777777777778,22

"37.23 For each sources / format below, please indic...::YouTube"
Subquestion
Desktop / laptop,0.6954545454545454,153
Smart-phone,0.12272727272727273,27
Tablet,0.18181818181818182,40

38. How important to you are customer stories or case studies when you are considering buying a new product or service for your business? (select one)
Single
Very important,0.26720647773279355,66
Important,0.2793522267206478,69
Somewhat important,0.3117408906882591,77
Not at all important,0.1417004048582996,35

39. How often do you read or view customer stories or case studies when you are considering buying a new product or service for your business? (select one)
Single
Always,0.204,51
Most of the time,0.284,71
Sometimes,0.292,73
Rarely,0.192,48
Never,0.028,7

"40. On a scale of 1 (not at all important) to 5 (very important), how important are customer stories or case studies when you are considering a product or service from a vendor in each of these categories:"
TopTwo
"Banks (e.g., checking accounts, loans, online payments)",0.37349397590361444,93
"Business travel: airlines, hotels, rental cars etc.",0.416,104
Cellphone / smartphone; cellphone service,0.4032258064516129,100
Credit cards,0.3293172690763052,82
Employee recruiting services / temp agencies,0.336,84
"Insurance companies (e.g., business insurance; employee life and health insurance)",0.39919354838709675,99
Internet access providers / website hosts,0.4497991967871486,112
Local technology solution providers,0.4497991967871486,112
"Marketing services (e.g., online advertising, email / social media marketing)",0.357429718875502,89
Office supply stores / print centers,0.324,81
Overnight package delivery companies,0.3132530120481928,78
Payroll service providers,0.3453815261044177,86
"Phone (i.e., non-cellphone) company/ies",0.3709677419354839,92
Retirement plan providers,0.3836734693877551,94
"Social media companies (e.g., Facebook, Google , LinkedIn, Twitter)",0.2217741935483871,55
Software companies,0.42168674698795183,105
"Technology hardware (i.e., PCs, printers, servers) manufacturers",0.4897959183673469,120

41. What format do you prefer customer stories or case studies to be in? (select one)
Single
"Print (i.e., paper)",0.3821138211382114,94
Online PDF or HTML,0.508130081300813,125
Video,0.10975609756097561,27

"42. On a scale of 1 (not at all important) to 5 (very important), please rate how important each of these aspects of a customer story or case study is to you."
TopTwo
The challenges faced by the featured company are similar to mine,0.5943775100401606,148
The featured company is about the same size as my company,0.5362903225806451,133
The featured company is in my industry,0.5887096774193549,146
The story clearly describes the benefits of the relevant product or service,0.6680327868852459,163
The story describes the specific results the company achieved,0.6305220883534136,157
The story is easy to read or view,0.6626506024096386,165
The story is short,0.5823293172690763,145
The story is visually interesting or compelling,0.5180722891566265,129
The story was rated highly by previous readers / viewers,0.42105263157894735,104
The story was recommended by a peer / colleague,0.5870445344129555,145

"43. On a scale of 1 (do not like) to 5 (like very much), please rate how much you like each of these ways to access customer stories or case studies."
TopTwo
Find online via search,0.5748987854251012,142
On third party sites / newsletters,0.31983805668016196,79
On vendor’s Facebook page,0.20967741935483872,52
On vendor’s Google  page,0.1935483870967742,48
On vendor’s LinkedIn page or group,0.18473895582329317,46
On vendor’s Twitter feed,0.16129032258064516,40
On vendor’s website,0.5685483870967742,141
On vendor’s YouTube channel,0.23387096774193547,58
Via email from vendor,0.40963855421686746,102
Via text message from vendor,0.21774193548387097,54

44. What is the best length for a written (print or PDF) customer story or case study? (select one)
Single
One page,0.44047619047619047,111
Two pages,0.38095238095238093,96
Three or four pages,0.13095238095238096,33
More than four pages,0.047619047619047616,12

45. What is the best length for a video customer story or case study? (select one)
Single
Less than two minutes,0.25882352941176473,66
Two or three minutes,0.403921568627451,103
Four or five minutes,0.2549019607843137,65
More than five minutes,0.08235294117647059,21

"46. In general, how important to you are white papers when you are considering buying a new product or service for your business? (select one)"
Single
Very important,0.16600790513833993,42
Important,0.30039525691699603,76
Somewhat important,0.34782608695652173,88
Not at all important,0.1857707509881423,47

47. How often do you read white papers when you are considering buying a new product or service for your business? (select one)
Single
Always,0.16,40
Most of the time,0.256,64
Sometimes,0.348,87
Rarely,0.156,39
Never,0.08,20

"48. On a scale of 1 (not at all important) to 5 (very important), how important are white papers when you are considering a product or service from vendors in each of these categories:"
TopTwo
"Banks (e.g., checking accounts, loans, online payments)",0.3481781376518219,86
"Business travel: airlines, hotels, rental cars etc.",0.29554655870445345,73
Cellphone / smartphone; cellphone service,0.3076923076923077,76
Credit cards,0.3157894736842105,78
Employee recruiting services / temp agencies,0.26720647773279355,66
"Insurance companies (e.g., business insurance; employee life and health insurance)",0.3603238866396761,89
Internet access providers / website hosts,0.340080971659919,84
Local technology solution providers,0.3481781376518219,86
"Marketing services (e.g., online advertising, email / social media marketing)",0.3048780487804878,75
Office supply stores / print centers,0.25203252032520324,62
Overnight package delivery companies,0.23577235772357724,58
Payroll service providers,0.3076923076923077,76
"Phone (i.e., non-cellphone) company/ies",0.3048780487804878,75
Retirement plan providers,0.37398373983739835,92
"Social media companies (e.g., Facebook, Google , LinkedIn, Twitter)",0.2,49
Software companies,0.3780487804878049,93
"Technology hardware (i.e., PCs, printers, servers) manufacturers",0.38114754098360654,93

"49. On a scale of 1 (do not like) to 5 (like very much), please rate how much you like each of these ways to access white papers."
TopTwo
Find online via search,0.49795918367346936,122
On third-party sites or newsletters,0.2601626016260163,64
On vendor’s Facebook page,0.18699186991869918,46
On vendor’s Google  page,0.17886178861788618,44
On vendor’s LinkedIn page or group,0.1598360655737705,39
On vendor’s Twitter feed,0.13934426229508196,34
On vendor’s website,0.5141700404858299,127
On vendor’s YouTube channel,0.2222222222222222,54
Via email from vendor,0.40816326530612246,100
Via text message from vendor,0.21224489795918366,52

50. What is the best length for a white paper? (select one)
Single
Two to three pages,0.7119341563786008,173
Four to six pages,0.25102880658436216,61
More than six pages,0.037037037037037035,9

"51. On a scale of 1 (not at all important) to 5 (very important), please rate how important each of these aspects of a white paper is to you."
TopTwo
"It includes or links to relevant videos, interactive elements or other information",0.42570281124497994,106
"It is focused on a business challenge I am facing, such as increasing sales or managing IT",0.5645161290322581,140
It is non-promotional,0.5341365461847389,133
It provides data from a relevant survey,0.5421686746987951,135
It provides examples of users who have tried the product or service,0.5403225806451613,134
It provides technical detail on the product or service I am interested in,0.5662650602409639,141
It is rated highly by previous viewers,0.4089068825910931,101
It is recommended by a peer / colleague,0.5582329317269076,139
It is well-designed and easy to read,0.631578947368421,156
It is written by a subject matter expert from the sponsoring company,0.46774193548387094,116
It is written by a third-party subject matter expert,0.4279835390946502,104

"52. In general, how important to you are webcasts when you are considering buying a new product or service for your business? (select one)"
Single
Very important,0.14457831325301204,36
Important,0.2289156626506024,57
Somewhat important,0.2931726907630522,73
Not at all important,0.3333333333333333,83

53. How often do you view webcasts when you are considering buying a new product or service for your business? (select one)
Single
Always,0.11952191235059761,30
Most of the time,0.17928286852589642,45
Sometimes,0.2868525896414343,72
Rarely,0.21115537848605578,53
Never,0.20318725099601595,51

"54. On a scale of 1 (not at all important) to 5 (very important), how important are webcasts when you are considering a product or service from vendors in each of these categories:"
TopTwo
"Banks (e.g., checking accounts, loans, online payments)",0.25609756097560976,63
"Business travel: airlines, hotels, rental cars etc.",0.27125506072874495,67
Cellphone / smartphone; cellphone service,0.29838709677419356,74
Credit cards,0.23673469387755103,58
Employee recruiting services / temp agencies,0.23983739837398374,59
"Insurance companies (e.g., business insurance; employee life and health insurance)",0.2620967741935484,65
Internet access providers / website hosts,0.29435483870967744,73
Local technology solution providers,0.27459016393442626,67
"Marketing services (e.g., online advertising, email / social media marketing)",0.26720647773279355,66
Office supply stores / print centers,0.22580645161290322,56
Overnight package delivery companies,0.20967741935483872,52
Payroll service providers,0.23387096774193547,58
"Phone (i.e., non-cellphone) company/ies",0.24696356275303644,61
Retirement plan providers,0.3020408163265306,74
"Social media companies (e.g., Facebook, Google , LinkedIn, Twitter)",0.1862348178137652,46
Software companies,0.2967479674796748,73
"Technology hardware (i.e., PCs, printers, servers) manufacturers",0.3333333333333333,82

"55. On a scale of 1 (do not like) to 5 (like very much), please rate how much you like each of these ways to learn about webcasts."
TopTwo
Find online via search,0.4497991967871486,112
On third-party sites or newsletters,0.2661290322580645,66
On vendor’s Facebook page,0.1927710843373494,48
On vendor’s Google  page,0.172,43
On vendor’s LinkedIn page or group,0.16129032258064516,40
On vendor’s Twitter feed,0.13253012048192772,33
On vendor’s website,0.4435483870967742,110
On vendor’s YouTube channel,0.224,56
Via email from vendor,0.3643724696356275,90
Via text message from vendor,0.1951219512195122,48

56. What is the best length for a webcast? (select one)
Single
No more than 15 minutes,0.649402390438247,163
15 to 30 minutes,0.250996015936255,63
30 to 45 minutes,0.055776892430278883,14
45 minutes to an hour,0.043824701195219126,11

"57. On a scale of 1 (not at all important) to 5 (very important), please rate how important each of these aspects of a webcast is to you."
TopTwo
It features a company with the same kind of challenges I am facing,0.5766129032258065,143
It features an expert third-party presenter,0.44176706827309237,110
It features a senior executive from the sponsoring company,0.3510204081632653,86
It features a company in my industry,0.5483870967741935,136
It focuses on a product or service I am interested in,0.6612903225806451,164
"It focused on a business challenge I am facing, such as increasing sales or managing IT",0.5564516129032258,138
It is non-promotional,0.5220883534136547,130
It is rated highly by previous viewers,0.40562248995983935,101
It is recommended by a peer / colleague,0.5465587044534413,135

"58. On a scale of 1 (strongly disagree) to 5 (strongly agree), please rate each of these statements about buying technology solutions, such as hardware or software."
TopTwo
"I prefer to buy directly from a technology vendor, as opposed to a distributor or reseller (such as a technology consultant)",0.5975609756097561,147
"I am more likely to respond to a call, email or mailing from a technology vendor than from a distributor or reseller",0.44534412955465585,110
Buying from a distributor or reseller makes the sales process take longer,0.3360323886639676,83
Buying from a distributor or reseller increases the total solution cost,0.46153846153846156,114
Buying from a distributor or reseller gets me a solution that is better tailored to my needs than I would get if I bought directly from a vendor,0.3092369477911647,77
Buying from a distributor or reseller negatively affects my perception of the vendor’s brand,0.18951612903225806,47
"There are technology solutions, such as cloud-based applications, that I would prefer to buy directly from a vendor",0.4251012145748988,105

"59.1 Please indicate which technology solutions you would prefer to buy directly from a vendor, and which you would prefer to buy from a distributor or reseller.::Cloud-based applications / services"
Subquestion
From vendor,0.8518518518518519,207
From a reseller,0.14814814814814814,36

"59.2 Please indicate which technology solutions you...::Networking equipment (e.g., switches, hubs)"
Subquestion
From vendor,0.7053941908713693,170
From a reseller,0.2946058091286307,71

59.3 Please indicate which technology solutions you...::Phone systems
Subquestion
From vendor,0.726530612244898,178
From a reseller,0.27346938775510204,67

59.4 Please indicate which technology solutions you...::PCs / laptops / workstations
Subquestion
From vendor,0.7325102880658436,178
From a reseller,0.2674897119341564,65

59.5 Please indicate which technology solutions you...::Printers
Subquestion
From vendor,0.6528925619834711,158
From a reseller,0.34710743801652894,84

59.6 Please indicate which technology solutions you...::Security solutions
Subquestion
From vendor,0.7958333333333333,191
From a reseller,0.20416666666666666,49

59.7 Please indicate which technology solutions you...::Servers / storage
Subquestion
From vendor,0.7907949790794979,189
From a reseller,0.20920502092050208,50

59.8 Please indicate which technology solutions you...::Tablets
Subquestion
From vendor,0.645021645021645,149
From a reseller,0.354978354978355,82

"61. On a scale of 1 (very unfavorable) to 5 (very favorable), how do you feel about each of these brands?"
TopTwo
American Express OPEN,0.39759036144578314,99
Apple,0.6129032258064516,152
AT&T,0.46184738955823296,115
Bank of America,0.28225806451612906,70
Cablevision,0.16260162601626016,40
Capital One,0.304,76
CenturyLink,0.14859437751004015,37
Charles Schwab,0.37398373983739835,92
Charter Communications,0.14457831325301204,36
Chase Bank,0.41295546558704455,102
Cisco,0.46502057613168724,113
Citibank,0.3130081300813008,77
Comcast,0.23387096774193547,58
Cox,0.14112903225806453,35
Dell,0.492,123
Facebook,0.3117408906882591,77
FedEx,0.624,156
Fidelity Investments,0.41935483870967744,104
Google,0.5934959349593496,146
HP,0.5806451612903226,144
IBM,0.5306122448979592,130
Intuit,0.4146341463414634,102
Lenovo,0.29098360655737704,71
LinkedIn,0.3252032520325203,80
Microsoft,0.6666666666666666,166
Office Depot,0.4857142857142857,119
OfficeMax,0.42857142857142855,105
Oracle,0.3950617283950617,96
Salesforce.com,0.1902834008097166,47
Sam’s Club,0.3870967741935484,96
Sony,0.5766129032258065,143
Sprint,0.27235772357723576,67
Staples,0.46558704453441296,115
Symantec,0.3224489795918367,79
Twitter,0.22857142857142856,56
UPS,0.5975609756097561,147
U.S. Bank,0.2530612244897959,62
Verizon,0.46938775510204084,115
Wells Fargo,0.3441295546558704,85

